"","x"
"1","d(log(ceng),0,1)-ceng_aerr=y_ceng(1)*(log(ceng(-1))-log(xg(-1)*veoa(-1)))+y_ceng(2)*d(log(xg),0,1)+y_ceng(3)*d(log(xg(-1)),0,1)+y_ceng(4)*d(log(ceng(-1)),0,1)+y_ceng(5)*d(log(veoa(-1)),0,1)+y_ceng(6)*hgx(-1)/400"
"2","delrff-delrff_aerr=rff-rff(-1)"
"3","dmptlur-dmptlur_aerr=1/(1+exp(y_dmptlur(1)*(lur-lurtrsh)))"
"4","dmptmax-dmptmax_aerr=(@recode((dmptlur)>(dmptpi),dmptlur,dmptpi))"
"5","dmptpi-dmptpi_aerr=1/(1+exp(y_dmptpi(1)*(zpic58-pitrsh)))"
"6","dmptr-dmptr_aerr=(@recode((dmptmax)>(dmptr(-1)),dmptmax,dmptr(-1)))"
"7","dpadj-dpadj_aerr-dpadj(-1)=y_dpadj(1)*dpgap(-1)"
"8","dpgap-dpgap_aerr=pipxnc/400-(.5*(ehn/(xpn-ecnian)+ehn(-1)/(xpn(-1)-ecnian(-1)))*d(log(phr*pxp),0,1)+.5*(epdn/(xpn-ecnian)+epdn(-1)/(xpn(-1)-ecnian(-1)))*d(log(ppdr*pxp),0,1)+.5*(epin/(xpn-ecnian)+epin(-1)/(xpn(-1)-ecnian(-1)))*d(log(ppir*pxp),0,1)+.5*(epsn/(xpn-ecnian)+epsn(-1)/(xpn(-1)-ecnian(-1)))*d(log(ppsr*pxp),0,1)+.5*(egfon/(xpn-ecnian)+egfon(-1)/(xpn(-1)-ecnian(-1)))*d(log(pgfor*pxp),0,1)+.5*(egfin/(xpn-ecnian)+egfin(-1)/(xpn(-1)-ecnian(-1)))*d(log(pgfir*pxp),0,1)+.5*(egson/(xpn-ecnian)+egson(-1)/(xpn(-1)-ecnian(-1)))*d(log(pgsor*pxp),0,1)+.5*(egsin/(xpn-ecnian)+egsin(-1)/(xpn(-1)-ecnian(-1)))*d(log(pgsir*pxp),0,1)+.5*(exn/(xpn-ecnian)+exn(-1)/(xpn(-1)-ecnian(-1)))*d(log(pxr*pxp),0,1))"
"9","log(ec)-ec_aerr=log(ec(-1))+.5*(pcor*pcnia*eco/(ec*pcnia)+pcor(-1)*pcnia(-1)*eco(-1)/(ec(-1)*pcnia(-1)))*d(log(eco),0,1)+.5*(pchr*pcnia*ech/(ec*pcnia)+pchr(-1)*pcnia(-1)*ech(-1)/(ec(-1)*pcnia(-1)))*d(log(ech),0,1)+.5*((pcdr*pcnia*yhpcd+pcdr*pcnia*jkcd)/(ec*pcnia)+(pcdr(-1)*pcnia(-1)*yhpcd(-1)+pcdr(-1)*pcnia(-1)*jkcd(-1))/(ec(-1)*pcnia(-1)))*d(log(yhpcd+jkcd),0,1)"
"10","d(log(ecd),0,1)-ecd_aerr=y_ecd(1)*log(qecd(-1)/ecd(-1))+y_ecd(2)*d(log(ecd(-1)),0,1)+y_ecd(3)*zecd+y_ecd(4)*zgapc2/400"
"11","d((ech)/kh(-1),0,1)-ech_aerr=y_ech(1)+y_ech(2)*ech(-1)/kh(-2)+y_ech(3)*d(ech(-1)/kh(-2),0,1)+y_ech(4)*rrmet/100"
"12","log(ecnia)-ecnia_aerr=log(ecnia(-1))+.5*.01*(pcor*pcnia*eco/ecnian+pcor(-1)*pcnia(-1)*eco(-1)/ecnian(-1))*d(log(eco),0,1)+.5*.01*(pcdr*pcnia*ecd/ecnian+pcdr(-1)*pcnia(-1)*ecd(-1)/ecnian(-1))*d(log(ecd),0,1)+.5*.01*(pchr*pcnia*ech/ecnian+pchr(-1)*pcnia(-1)*ech(-1)/ecnian(-1))*d(log(ech),0,1)"
"13","ecnian-ecnian_aerr=.01*pcnia*ecnia"
"14","d(log(eco),0,1)-eco_aerr=(y_eco(1)*log(qeco(-1)/eco(-1))+y_eco(2)*d(log(eco(-1)),0,1)+y_eco(3)*zeco)*(1-y_eco(4))+y_eco(4)*(d(log(yhl+yht),0,1))"
"15","log(egf)-egf_aerr=log(egf(-1))+.5*(egfon/egfn+egfon(-1)/egfn(-1))*d(log(egfo),0,1)+.5*(egfin/egfn+egfin(-1)/egfn(-1))*d(log(egfi),0,1)+.5*(egfln/egfn+egfln(-1)/egfn(-1))*d(log(egfl),0,1)"
"16","d(log(egfi),0,1)-egfi_aerr=y_egfi(1)+y_egfi(2)*log(egfi(-1)/egfit(-1))+(y_egfi(3)*d(log(egfi(-1)),0,1)+y_egfi(4)*d(log(egfi(-2)),0,1))+y_egfi(5)*d(log(egfit),0,1)+(y_egfi(6)*xgap2+y_egfi(7)*xgap2(-1))"
"17","egfin-egfin_aerr=.01*pxp*pgfir*egfi"
"18","d(log(egfit),0,1)-egfit_aerr=y_egfit(1)+y_egfit(2)*log(.01*pgfir(-1)*pxp(-1)*egfit(-1)/xgdptn(-1))+y_egfit(3)*(hggdpt+hggdpt(-1)+hggdpt(-2)+hggdpt(-3))/1600"
"19","d(log(egfl),0,1)-egfl_aerr=y_egfl(1)+y_egfl(2)*log(egfl(-1)/egflt(-1))+(y_egfl(3)*d(log(egfl(-1)),0,1)+y_egfl(4)*d(log(egfl(-2)),0,1))+y_egfl(5)*d(log(egflt),0,1)+(y_egfl(6)*xgap2+y_egfl(7)*xgap2(-1))"
"20","egfln-egfln_aerr=.01*pgfl*egfl"
"21","d(log(egflt),0,1)-egflt_aerr=y_egflt(1)+y_egflt(2)*log(.01*pgfl(-1)*egflt(-1)/xgdptn(-1))+y_egflt(3)*(hggdpt+hggdpt(-1)+hggdpt(-2)+hggdpt(-3))/1600"
"22","egfn-egfn_aerr=egfln+egfin+egfon"
"23","d(log(egfo),0,1)-egfo_aerr=y_egfo(1)+y_egfo(2)*log(egfo(-1)/egfot(-1))+(y_egfo(3)*d(log(egfo(-1)),0,1)+y_egfo(4)*d(log(egfo(-2)),0,1))+y_egfo(5)*d(log(egfot),0,1)+(y_egfo(6)*xgap2+y_egfo(7)*xgap2(-1))"
"24","egfon-egfon_aerr=.01*pxp*pgfor*egfo"
"25","d(log(egfot),0,1)-egfot_aerr=y_egfot(1)+y_egfot(2)*log(.01*pgfor(-1)*pxp(-1)*egfot(-1)/xgdptn(-1))+y_egfot(3)*(hggdpt+hggdpt(-1)+hggdpt(-2)+hggdpt(-3))/1600"
"26","egpdin-egpdin_aerr=epdn+epsn+epin+ehn+ein"
"27","log(egs)-egs_aerr=log(egs(-1))+.5*(egson/egsn+egson(-1)/egsn(-1))*d(log(egso),0,1)+.5*(egsin/egsn+egsin(-1)/egsn(-1))*d(log(egsi),0,1)+.5*(egsln/egsn+egsln(-1)/egsn(-1))*d(log(egsl),0,1)"
"28","d(log(egsi),0,1)-egsi_aerr=y_egsi(1)+y_egsi(2)*log(egsi(-1)/egsit(-1))+(y_egsi(3)*d(log(egsi(-1)),0,1)+y_egsi(4)*d(log(egsi(-2)),0,1))+y_egsi(5)*d(log(egsit),0,1)+(y_egsi(6)*xgap2+y_egsi(7)*xgap2(-1))"
"29","egsin-egsin_aerr=.01*pxp*pgsir*egsi"
"30","d(log(egsit),0,1)-egsit_aerr=y_egsit(1)+y_egsit(2)*log(.01*pgsir(-1)*pxp(-1)*egsit(-1)/xgdptn(-1))+y_egsit(3)*(hggdpt+hggdpt(-1)+hggdpt(-2)+hggdpt(-3))/1600"
"31","d(log(egsl),0,1)-egsl_aerr=y_egsl(1)+y_egsl(2)*log(egsl(-1)/egslt(-1))+(y_egsl(3)*d(log(egsl(-1)),0,1)+y_egsl(4)*d(log(egsl(-2)),0,1))+y_egsl(5)*d(log(egslt),0,1)+(y_egsl(6)*xgap2+y_egsl(7)*xgap2(-1))"
"32","egsln-egsln_aerr=.01*pgsl*egsl"
"33","d(log(egslt),0,1)-egslt_aerr=y_egslt(1)+y_egslt(2)*log(.01*pgsl(-1)*egslt(-1)/xgdptn(-1))+y_egslt(3)*(hggdpt+hggdpt(-1)+hggdpt(-2)+hggdpt(-3))/1600"
"34","egsn-egsn_aerr=egsln+egsin+egson"
"35","d(log(egso),0,1)-egso_aerr=y_egso(1)+y_egso(2)*log(egso(-1)/egsot(-1))+(y_egso(3)*d(log(egso(-1)),0,1)+y_egso(4)*d(log(egso(-2)),0,1))+y_egso(5)*d(log(egsot),0,1)+(y_egso(6)*xgap2+y_egso(7)*xgap2(-1))"
"36","egson-egson_aerr=.01*pxp*pgsor*egso"
"37","d(log(egsot),0,1)-egsot_aerr=y_egsot(1)+y_egsot(2)*log(.01*pgsor(-1)*pxp(-1)*egsot(-1)/xgdptn(-1))+y_egsot(3)*(hggdpt+hggdpt(-1)+hggdpt(-2)+hggdpt(-3))/1600"
"38","d(log(eh),0,1)-eh_aerr=y_eh(1)*log(qeh(-1)/eh(-1))+y_eh(2)*d(log(eh(-1)),0,1)+y_eh(3)*d(log(eh(-2)),0,1)+y_eh(4)*zeh+y_eh(5)*d(rme(-1),0,1)+y_eh(6)*d83*d(rme(-1),0,1)"
"39","ehn-ehn_aerr=.01*phr*pxp*eh"
"40","ei-ei_aerr=4*d(ki,0,1)"
"41","ein-ein_aerr=.01*pxp*pkir*ei"
"42","log(em)-em_aerr=log(em(-1))+.5*(emon/emn+emon(-1)/emn(-1))*d(log(emo),0,1)+.5*(empn/emn+empn(-1)/emn(-1))*d(log(emp),0,1)"
"43","emn-emn_aerr=emon+empn"
"44","d(log(emo),0,1)-emo_aerr=y_emo(1)+y_emo(2)*log(emo(-1)*(pmo(-1)/100)/(uemot(-1)*xgden(-1)))+y_emo(3)*(xgap2-xgap2(-1))/100+y_emo(4)*(xgap2(-1)-xgap2(-2))/100+y_emo(5)*log(ddockm)+y_emo(6)*log(ddockm/ddockm(-1))"
"45","emon-emon_aerr=.01*pmo*emo"
"46","emp-emp_aerr=uemp*(ceng-xeng)"
"47","empn-empn_aerr=.01*pmp*emp"
"48","d(log(empt),0,1)-empt_aerr=y_empt(1)*log(emp(-1)/empt(-1))+y_empt(2)*hgx/400"
"49","d(log(epd),0,1)-epd_aerr=(y_epd(1)*(log(qepd(-2)/epd(-2)))+(y_epd(2)*d(log(epd(-1)),0,1)+y_epd(3)*d(log(epd(-2)),0,1))+zxbd(-1)+zvpd(-1))*(1-y_epd(4))+y_epd(4)*(d(log(xbo(-1)),0,1)+hgvpd(-1))"
"50","epdn-epdn_aerr=0.01*ppdr*pxp*epd"
"51","d(log(epi),0,1)-epi_aerr=(y_epi(1)*(log(qepi(-2)/epi(-2)))+(y_epi(2)*d(log(epi(-1)),0,1)+y_epi(3)*d(log(epi(-2)),0,1))+zxbi(-1)+zvpi(-1))*(1-y_epi(4))+y_epi(4)*d(log(xbo(-1)),0,1)"
"52","epin-epin_aerr=0.01*ppir*pxp*epi"
"53","d(log(eps),0,1)-eps_aerr=(y_eps(1)*log(qeps(-2)/eps(-2))+(y_eps(2)*d(log(eps(-1)),0,1)+y_eps(3)*d(log(eps(-2)),0,1))+zxbs(-1)+zvps(-1))*(1-y_eps(4))+y_eps(4)*(d(log(xbo(-1)),0,1))+y_eps(5)*d01q4"
"54","epsn-epsn_aerr=.01*ppsr*pxp*eps"
"55","d(log(ex),0,1)-ex_aerr=y_ex(1)+y_ex(2)*log(ex(-1)*(pxr(-1)*pxp(-1)*fpx(-1))/(fgdp(-1)*fpc(-1)))+y_ex(3)*(fxgap-fxgap(-1))/100+y_ex(4)*(fxgap(-1)-fxgap(-2))/100+y_ex(5)*ddockx"
"56","exn-exn_aerr=.01*pxp*pxr*ex"
"57","fcbn-fcbn_aerr=exn-emn+fynin+fcbrn"
"58","fcbrn-fcbrn_aerr=ufcbr*pxg*xgpot/100"
"59","fgdp-fgdp_aerr=fgdpt*exp(fxgap/100)"
"60","d(log(fgdpt),0,1)-fgdpt_aerr=y_fgdpt(1)+y_fgdpt(2)*log(fgdpt(-1)/xgdpt(-1))+y_fgdpt(3)*(hggdpt+hggdpt(-1)+hggdpt(-2)+hggdpt(-3))/1600"
"61","d(fnicn,0,1)/xgdptn-fnicn_aerr=.54*d(log(fpc),0,1)*fnicn(-1)/xgdptn-.67*d(log(fpx),0,1)*fnicn(-1)/xgdptn+rfnict"
"62","fniln-fniln_aerr=fnicn-fnin"
"63","d(fnin,0,1)-fnin_aerr=.25*fcbn+.54*(d(log(fpc),0,1)*fnicn(-1))-.32*(d(log(pgdp),0,1)*fniln(-1))-.67*(d(log(fpx),0,1)*fnicn(-1))+.06*(d(log(fpx),0,1)*fniln(-1))+fnirn"
"64","fnirn-fnirn_aerr=ufnir*xgdpn"
"65","fpc-fpc_aerr=fpc(-1)*exp(fpic/400)"
"66","fpcm-fpcm_aerr=ufpcm*fpc"
"67","fpi10-fpi10_aerr=y_fpi10(1)*((fpi10(-1)+fpi10(-2)+fpi10(-3)+fpi10(-4))/4)+y_fpi10(2)*fpitrg+y_fpi10(3)*fxgap(-1)+(y_fpi10(4)*d(log(poilr),0,1)+y_fpi10(5)*d(log(poilr(-1)),0,1))"
"68","fpi10t-fpi10t_aerr=y_fpi10t(1)*fpi10t(-1)+y_fpi10t(2)*fpi10"
"69","fpic-fpic_aerr=y_fpic(1)+y_fpic(2)*fpi10+y_fpic(3)*fpic(-1)"
"70","fpx-fpx_aerr=fpxr*fpc/pcpi"
"71","fpxm-fpxm_aerr=ufpxm*fpx*fpcm/fpc"
"72","log(fpxr)-fpxr_aerr-log(fpxrr)=y_fpxr(1)*(rg10e-zpi10f-frl10+fpi10t)+y_fpxr(2)*(fnin/xgdpn)"
"73","d(log(fpxrr),0,1)-fpxrr_aerr=y_fpxrr(1)*log(fpxrrt(-1)/fpxrr(-1))+y_fpxrr(2)*d(log(fpxrr(-1)),0,1)+(1-y_fpxrr(2))*d(log(fpxrrt),0,1)"
"74","frl10-frl10(-1)-frl10_aerr=y_frl10(1)+y_frl10(2)*(frl10(-1)-frs10(-1))+y_frl10(3)*(frl10(-1)-frl10(-2))+y_frl10(4)*(frs10-frs10(-1))+y_frl10(5)*(fxgap-fxgap(-1))"
"75","frs10-frs10_aerr=dfmprr*(y_frs10(1)+y_frs10(2)*frstar(-1)+y_frs10(3)*((fpi10+fpi10(-1)+fpi10(-2)+fpi10(-3))/4)+y_frs10(4)*((fpi10+fpi10(-1)+fpi10(-2)+fpi10(-3))/4-fpitrg)+y_frs10(5)*fxgap)+(1-dfmprr)*(rfrs10+(fpi10+fpi10(-1)+fpi10(-2)+fpi10(-3))/4)"
"76","frstar-frstar_aerr=y_frstar(1)*frstar(-1)+y_frstar(2)*(frs10-(fpi10+fpi10(-1)+fpi10(-2)+fpi10(-3))/4)"
"77","ftcin-ftcin_aerr=uftcin*ynicpn"
"78","fxgap-fxgap_aerr=+y_fxgap(1)*fxgap(-1)+y_fxgap(2)*fxgap(-2)+y_fxgap(3)*((frs10(-1)-(fpi10(-1)+fpi10(-2)+fpi10(-3)+fpi10(-4))/4+frs10(-2)-(fpi10(-2)+fpi10(-3)+fpi10(-4)+fpi10(-5))/4+frs10(-3)-(fpi10(-3)+fpi10(-4)+fpi10(-5)+fpi10(-6))/4)/3-frstar)+y_fxgap(4)*xgap2(-1)"
"79","fynicn-fynicn_aerr=.01*rfynic*fnicn(-1)"
"80","fyniln-fyniln_aerr=.01*rfynil*fniln(-1)"
"81","fynin-fynin_aerr=fynicn-fyniln"
"82","gfdbtn-gfdbtn_aerr=ugfdbt*(gfdbtn(-1)-.25*gfsrpn+.25*egfin-.25*jygfgn-.25*jygfen)"
"83","gfintn-gfintn_aerr=rgfint*gfdbtn(-1)"
"84","d(log(gfs),0,1)-gfs_aerr=y_gfs(1)+y_gfs(2)*log(gfsn(-1)/xgdptn(-1))+y_gfs(3)*(hggdpt+hggdpt(-1)+hggdpt(-2)+hggdpt(-3))/1600"
"85","gfsn-gfsn_aerr=.01*pgdp*gfs"
"86","gfsrpn-gfsrpn_aerr=tfpn+tfcin+tfibn+tfsin+tfdiv-egfln-egfon-gftn-gfintn-gfsubn-gfsn"
"87","d(log(gfsub),0,1)-gfsub_aerr=y_gfsub(1)+y_gfsub(2)*log(gfsubn(-1)/xgdptn(-1))+y_gfsub(3)*(hggdpt+hggdpt(-1)+hggdpt(-2)+hggdpt(-3))/1600"
"88","gfsubn-gfsubn_aerr=.01*pgdp*gfsub"
"89","gft-gft_aerr=(gftrd+gftrt)*xgdpt"
"90","gftn-gftn_aerr=.01*pgdp*gft"
"91","gftrd-gftrd_aerr=y_gftrd(1)+y_gftrd(2)*gftrd(-1)+y_gftrd(3)*xgap2"
"92","gsdbtn-gsdbtn_aerr=ugsdbt*(gsdbtn(-1)-.25*gssrpn+.25*egsin-.25*jygsgn-.25*jygsen)"
"93","gsintn-gsintn_aerr=rgfint*gsdbtn(-1)+ugsint*xbn"
"94","gssrpn-gssrpn_aerr=tspn+tscin+tsibn+tssin+gfsn-egsln-egson-gstn-gsintn-gssubn"
"95","gssub-gssub_aerr=ugssub*xgdpt"
"96","gssubn-gssubn_aerr=.01*pgdp*gssub"
"97","gst-gst_aerr=(gstrd+gstrt)*xgdpt"
"98","gstn-gstn_aerr=.01*pgdp*gst"
"99","gstrd-gstrd_aerr=y_gstrd(1)+y_gstrd(2)*gstrd(-1)+y_gstrd(3)*xgap2"
"100","hgemp-hgemp_aerr=y_hgemp(1)*hgemp(-1)+y_hgemp(2)*400*log(emp/emp(-1))"
"101","hggdp-hggdp_aerr=400*d(log(xgdp),0,1)"
"102","hggdpt-hggdpt_aerr=hxbt+huxb"
"103","hgpdr-hgpdr_aerr=y_hgpdr(1)*hgpdr(-1)+y_hgpdr(2)*400*log(ppdr/ppdr(-1))"
"104","hgpir-hgpir_aerr=y_hgpir(1)*hgpir(-1)+y_hgpir(2)*400*log(ppir/ppir(-1))"
"105","hgpkir-hgpkir_aerr=y_hgpkir(1)*hgpkir(-1)+y_hgpkir(2)*400*log(pkir/pkir(-1))"
"106","hgppsr-hgppsr_aerr=y_hgppsr(1)*hgppsr(-1)+y_hgppsr(2)*400*log(ppsr/ppsr(-1))"
"107","hgvpd-hgvpd_aerr=y_hgvpd(1)*hgvpd(-1)+y_hgvpd(2)*log(vpd/vpd(-1))"
"108","hgvpi-hgvpi_aerr=y_hgvpi(1)*hgvpi(-1)+y_hgvpi(2)*log(vpi/vpi(-1))"
"109","hgvps-hgvps_aerr=y_hgvps(1)*hgvps(-1)+y_hgvps(2)*log(vps/vps(-1))"
"110","hgx-hgx_aerr=(.7*(hlept+hqlww+400*d(log(lqualt),0,1))+.265*hks+.035*400*d(log(veoa),0,1)+hmfpt)/.965"
"111","hgynid-hgynid_aerr=400*d(log((ynicpn-tfcin-tscin)*.5/pxg),0,1)"
"112","hks-hks_aerr=400*(ykpdn*d(log(kpd),0,1)+ykpsn*d(log(kps),0,1)+ykin*d(log(ki),0,1))/(ykpdn+ykpsn+ykin)+hksr"
"113","hlept-hlept_aerr=(1-dmpstb)*400*(hqlfpr*n16*(1-.01*lurnat-qleor)+d(n16,0,1)*qlfpr*(1-.01*lurnat-qleor)-d(left,0,1)-d(lest,0,1))/(leppot/2+leppot(-1)/2)+dmpstb*400*d(log(n16),0,1)"
"114","hlprdt-hlprdt_aerr=hgx-hlept-hqlww"
"115","hmfpt-hmfpt_aerr=y_hmfpt(1)+y_hmfpt(2)*hmfpt(-1)"
"116","hqlfpr-hqlfpr_aerr=y_hqlfpr(1)+y_hqlfpr(2)*hqlfpr(-1)"
"117","hqlww-hqlww_aerr=y_hqlww(1)*hqlww(-1)+(1-y_hqlww(1))*y_hqlww(2)"
"118","huqpct-huqpct_aerr=y_huqpct(1)+y_huqpct(2)*huqpct(-1)"
"119","huxb-huxb_aerr=(1-dglprd)*(y_huxb(1)+y_huxb(2)*huxb(-1))"
"120","hxbt-hxbt_aerr=(hgx-.5*(.035*empn/(.01*pceng*ceng)+.035*empn(-1)/(.01*pceng(-1)*ceng(-1)))*400*d(log(empt),0,1))/(1-.5*(.035*empn/(.01*pceng*ceng)+.035*empn(-1)/(.01*pceng(-1)*ceng(-1))))"
"121","jccacn-jccacn_aerr=ujccac*(jccan-jygfgn-jygfen-jygsgn-jygsen-.01*jrh*phr(-1)*pxp(-1)*kh(-1))"
"122","jccan-jccan_aerr=jygfgn+jygfen+jygsgn+jygsen+.01*ujcca*pxp(-1)*(phr(-1)*kh(-1)*jrh+ppsr(-1)*kps(-1)*jrps+pkpdr(-1)*kpd(-1)*jrpd)"
"123","jkcd-jkcd_aerr=jrcd*kcd(-1)"
"124","jygfen-jygfen_aerr=ujygfe*(.01*pgdp*xgdpt)"
"125","jygfgn-jygfgn_aerr=ujygfg*(.01*pgdp*xgdpt)"
"126","jygsen-jygsen_aerr=ujygse*(.01*pgdp*xgdpt)"
"127","jygsgn-jygsgn_aerr=ujygsg*(.01*pgdp*xgdpt)"
"128","jyncn-jyncn_aerr=jccan-jccacn-jygfgn-jygfen-jygsgn-jygsen"
"129","kcd-kcd_aerr=.25*ecd+(1-jrcd/4)*kcd(-1)"
"130","kh-kh_aerr=.25*eh+(1-jrh/4)*kh(-1)"
"131","d(log(ki),0,1)-ki_aerr=y_ki(5)+y_ki(1)*(log(qkir)-log(ki(-1)/xfs(-1)))+y_ki(2)*(d(log(ki(-1)),0,1)-y_ki(5))+y_ki(3)*d(log(xfs(-1)),0,1)+y_ki(4)*d(log(xfs(-2)),0,1)"
"132","kpd-kpd_aerr=0.25*epd+(1-jrpd/4)*kpd(-1)"
"133","kpi-kpi_aerr=0.25*epi+(1-jrpi/4)*kpi(-1)"
"134","kps-kps_aerr=0.25*eps+(1-jrps/4)*kps(-1)"
"135","log(ks)-ks_aerr=log(ks(-1))+hks/400"
"136","d(log(lef),0,1)-lef_aerr=d(log(ulef),0,1)+d(log(egfl),0,1)-dglprd*(d(log(lprdt),0,1))"
"137","left-left_aerr=y_left(1)*left(-1)*(hqlfpr+n16/n16(-1))+y_left(2)*lef"
"138","leh-leh_aerr=lep+leo+les+lef"
"139","log(leo)-leo_aerr=log(qleor*qlf)+y_leo(1)*log(leo(-1)/(qleor(-1)*qlf(-1)))+y_leo(2)*xgap2(-1)"
"140","lep-lep_aerr=lhp/lww"
"141","leppot-leppot_aerr=qlf*(1-.01*lurnat-qleor)-left-lest"
"142","d(log(les),0,1)-les_aerr=d(log(ules),0,1)+d(log(egsl),0,1)-dglprd*(d(log(lprdt),0,1))"
"143","lest-lest_aerr=y_lest(1)*lest(-1)*(hqlfpr+n16/n16(-1))+y_lest(2)*les"
"144","lf-lf_aerr=lfpr*n16"
"145","d(lfpr,0,1)-lfpr_aerr=hqlfpr+y_lfpr(1)*(qlfpr(-1)-lfpr(-1))+y_lfpr(2)*(lur(-1)-lurnat(-1))"
"146","d(log(lhp),0,1)-lhp_aerr=y_lhp(1)*(log(qlhp(-1)/lhp(-1))-d(log(mfpt),0,1)/.965)+y_lhp(2)*d(log(lhp(-1)),0,1)+y_lhp(3)*zlhp+y_lhp(4)*(d(log(xgo),0,1)-hlprdt(-1)/400-d(hmfpt,0,1)/(.965*400))+y_lhp(5)*(d(log(xgo(-1)),0,1)-hlprdt(-2)/400-d(hmfpt(-1),0,1)/(.965*400))"
"147","log(lprdt)-lprdt_aerr=log(xgpot)-log(leppot)-log(qlww)"
"148","lur-lur_aerr=100*(1-leh/lf)"
"149","lurbls-lurbls_aerr=lur"
"150","lurnat-lurnat_aerr=lurnat(-1)"
"151","d(log(lww),0,1)-lww_aerr=hqlww/400+y_lww(1)*log(qlww(-1)/lww(-1))+y_lww(2)*(d(log(lhp),0,1)-(hlept+hqlww)/400)"
"152","log(mei)-mei_aerr=y_mei(1)*log(mei(-1))"
"153","log(mep)-mep_aerr=y_mep(1)*log(mep(-1))"
"154","log(mfpt)-mfpt_aerr=y_mfpt(1)+log(mfpt(-1))+hmfpt/400"
"155","d(log(pcdr),0,1)-pcdr_aerr=y_pcdr(1)+y_pcdr(2)*d(log(pcdr(-1)),0,1)"
"156","pceng-pceng_aerr=pcengr*pxb"
"157","d(log(pcengr),0,1)-pcengr_aerr=y_pcengr(1)+y_pcengr(2)*d(log(pcengr(-1)),0,1)+y_pcengr(3)*log(pcengr(-1))+y_pcengr(4)*log(poilr(-1))+y_pcengr(5)*d(log(poilr),0,1)"
"158","d(log(pcer),0,1)-pcer_aerr=y_pcer(1)*log((y_pcer(2)*pceng(-1)+(1-y_pcer(2))*pcxfe(-1))/(pcer(-1)*pcxfe(-1)))+y_pcer(3)*d(log((y_pcer(2)*pceng+(1-y_pcer(2))*pcxfe)/pcxfe),0,1)+y_pcer(4)*d(log((y_pcer(2)*pceng(-1)+(1-y_pcer(2))*pcxfe(-1))/pcxfe(-1)),0,1)"
"159","d(log(pcfr),0,1)-pcfr_aerr=y_pcfr(1)*log(pcfr(-1)/pcfrt(-1))+y_pcfr(2)+(y_pcfr(3)*d(log(pcfr(-1)),0,1)+y_pcfr(4)*d(log(pcfr(-2)),0,1)+y_pcfr(5)*d(log(pcfr(-3)),0,1))+y_pcfr(6)*d(log(pcfrt),0,1)"
"160","d(log(pchr),0,1)-pchr_aerr=y_pchr(1)+y_pchr(2)*d(log(pchr(-1)),0,1)"
"161","d(log(pcnia),0,1)-pcnia_aerr=picnia/400"
"162","log(pcor)-log(pcor(-1))-pcor_aerr=(-.5*.01*(pcdr*pcnia*ecd/ecnian+pcdr(-1)*pcnia(-1)*ecd(-1)/ecnian(-1)))/(.5*.01*(pcor*pcnia*eco/ecnian+pcor(-1)*pcnia(-1)*eco(-1)/ecnian(-1)))*d(log(pcdr),0,1)-.5*.01*(pchr*pcnia*ech/ecnian+pchr(-1)*pcnia(-1)*ech(-1)/ecnian(-1))*d(log(pchr),0,1)/(.5*.01*(pcor*pcnia*eco/ecnian+pcor(-1)*pcnia(-1)*eco(-1)/ecnian(-1)))"
"163","pcpi-pcpi_aerr=upcpi*exp(.025*log(pcer))*pcnia"
"164","pcpix-pcpix_aerr=upcpix*pcxfe"
"165","d(log(pcxfe),0,1)-pcxfe_aerr=picxfe/400"
"166","pgdp-pgdp_aerr=100*xgdpn/xgdp"
"167","log(pgfir)-pgfir_aerr-log(pgfir(-1))=y_pgfir(1)+pipxnc/400+dpadj-d(log(pxp),0,1)"
"168","d(log(pgfl),0,1)-pgfl_aerr=d(log(upgfl),0,1)+d(log(pl),0,1)-dglprd*(d(log(lprdt),0,1))"
"169","log(pgfor)-pgfor_aerr-log(pgfor(-1))=y_pgfor(1)+pipxnc/400+dpadj-d(log(pxp),0,1)"
"170","log(pgsir)-pgsir_aerr-log(pgsir(-1))=y_pgsir(1)+pipxnc/400+dpadj-d(log(pxp),0,1)"
"171","d(log(pgsl),0,1)-pgsl_aerr=d(log(upgsl),0,1)+d(log(pl),0,1)-dglprd*(d(log(lprdt),0,1))"
"172","log(pgsor)-pgsor_aerr-log(pgsor(-1))=y_pgsor(1)+pipxnc/400+dpadj-d(log(pxp),0,1)"
"173","d(log(phouse),0,1)-phouse_aerr=y_phouse(1)+y_phouse(2)*d(log(phouse(-1)),0,1)+y_phouse(3)*log(phouse(-1)/(pchr(-1)*pcnia(-1)))"
"174","log(phr)-phr_aerr-log(phr(-1))=y_phr(1)+pipxnc/400+dpadj-d(log(pxp),0,1)"
"175","pic4-pic4_aerr=100*(pcnia/pcnia(-4)-1)"
"176","picngr-picngr_aerr=(d(log(pceng/pxp(-1)),0,1)*(pceng*ceng/(pxp*xp)+pceng(-1)*ceng(-1)/(pxp(-1)*xp(-1)))/2)"
"177","picnia-picnia_aerr=picxfe+((ucfs+ucfs(-1))/2)*400*d(log(pcfr),0,1)+((uces+uces(-1))/2)*400*d(log(pcer),0,1)"
"178","picx4-picx4_aerr=100*(pcxfe/pcxfe(-4)-1)"
"179","picxfe-picxfe_aerr=(y_picxfe(1)*picxfe(-1)+y_picxfe(3)*zpicxfe+(1-y_picxfe(3))*(1-y_picxfe(1))*ptr(-1)+y_picxfe(2)*400*log(qpcnia(-1)/pcnia(-1)))/(1+y_picxfe(1)*y_picxfe(3))"
"180","pieci-pieci_aerr=(.25*y_pieci(1)*((1-y_pieci(4))*(pieci(-1)+pieci(-2)+pieci(-3))+pieci(-4))+y_pieci(4)*zpieci+(1-y_pieci(4))*(1-y_pieci(1))*(ptr(-1)+hlprdt(-1)-400*huqpct(-1))+y_pieci(2)*(lur(-1)-lurnat(-1))+y_pieci(3)*400*log(qpl(-1)/pl(-1)))/(1+.25*y_pieci(1)*y_pieci(4))"
"181","pigdp-pigdp_aerr=400*d(log(pgdp),0,1)"
"182","pipl-pipl_aerr=pieci"
"183","pipxnc-pipxnc_aerr=picnia-1.99*400*huqpct+y_pipxnc(1)*(pipxnc(-1)-picnia(-1)+1.99*400*huqpct(-1))+y_pipxnc(2)*(pipxnc(-2)-picnia(-2)+1.99*400*huqpct(-2))+y_pipxnc(3)*.5*(((emon/xpn)+(emon(-1)/xpn(-1))))*400*d(log(fpxr),0,1)"
"184","pkpdr-pkpdr_aerr=upkpd*ppdr"
"185","log(pl)-pl_aerr=log(pl(-1))+pipl/400"
"186","plmin-plmin_aerr=plminr*.01*pl"
"187","d(log(pmo),0,1)-pmo_aerr=y_pmo(1)+y_pmo(2)*(log(qpmo)+.64*log(fpcm(-1)/fpxm(-1))+.36*log(pxb(-1))-log(pmo(-1)))+y_pmo(3)*d(log(fpcm/fpxm),0,1)+y_pmo(4)*d(log(pxb),0,1)"
"188","pmp-pmp_aerr=upmp*poil"
"189","poil-poil_aerr=poilr*pxb"
"190","d(log(poilr),0,1)-poilr_aerr=y_poilr(1)*log(poilr(-1)/poilrt(-1))+y_poilr(2)+y_poilr(3)*d(log(poilr(-1)),0,1)+y_poilr(4)*d(log(poilrt),0,1)"
"191","log(ppdr)-ppdr_aerr-log(ppdr(-1))=y_ppdr(1)+pipxnc/400+dpadj-d(log(pxp),0,1)"
"192","log(ppir)-ppir_aerr-log(ppir(-1))=pipxnc/400+dpadj-d(log(pxp),0,1)"
"193","log(ppsr)-ppsr_aerr-log(ppsr(-1))=y_ppsr(1)+pipxnc/400+dpadj-d(log(pxp),0,1)"
"194","ptr-ptr_aerr=y_ptr(1)*ptr(-1)+y_ptr(2)*picxfe(-1)+y_ptr(3)*pitarg(-1)"
"195","pwstar-pwstar_aerr=y_pwstar(1)+y_pwstar(2)*pwstar(-1)"
"196","pxb-pxb_aerr=upxb*pgdp"
"197","pxg-pxg_aerr=100*xgn/xg"
"198","d(log(pxnc),0,1)-pxnc_aerr=pipxnc/400"
"199","d(log(pxp),0,1)-pxp_aerr=.5*(ecnian/xpn+ecnian(-1)/xpn(-1))*d(log(pcnia),0,1)+.5*((xpn-ecnian)/xpn+(xpn(-1)-ecnian(-1))/xpn(-1))*d(log(pxnc),0,1)"
"200","log(pxr)-pxr_aerr-log(pxr(-1))=y_pxr(1)+pipxnc/400+dpadj-d(log(pxp),0,1)"
"201","qec-qec_aerr=y_qec(1)*zyh+y_qec(2)*(dcon*(zyh-zyht))+y_qec(3)*zyht+y_qec(4)*zyhp+y_qec(5)*(wps+wpo)"
"202","qecd-qecd_aerr=qec*(jrcd/4+hggdpt/400+y_qecd(1)*hgpcdr/400)*exp(y_qecd(2)+y_qecd(3)*log(pcdr*rccd))"
"203","log(qeco)-qeco_aerr=log(qec)-log(pcor)+y_qeco(1)"
"204","qeh-qeh_aerr=qec*(jrh/4+hggdpt/400)*exp(y_qeh(1)-log(phr*pxp/pcnia)+y_qeh(2)*log(rcch))"
"205","log(qepd)-qepd_aerr=y_qepd(1)+y_qepd(2)*log(xbo)+y_qepd(3)*log(vpd)+y_qepd(4)*log(hgx/100+jrpd)"
"206","log(qepi)-qepi_aerr=y_qepi(1)+y_qepi(2)*log(xbo)+y_qepi(3)*log(vpi)+y_qepi(4)*log(hgx/100+jrpi)"
"207","log(qeps)-qeps_aerr=y_qeps(1)+y_qeps(2)*log(xbo)+y_qeps(3)*log(vps)+y_qeps(4)*log(hgx/100+jrps)"
"208","log(qkir)-qkir_aerr=(1-dglprd)*y_qkir(1)+log(qkir(-1))"
"209","qlep-qlep_aerr=lhp/qlww"
"210","qlf-qlf_aerr=qlfpr*n16"
"211","qlfpr-qlfpr_aerr=qlfpr(-1)+hqlfpr"
"212","qlhp-qlhp_aerr=xgo/lprdt"
"213","log(qlww)-qlww_aerr=log(qlww(-1))+hqlww(-1)/400"
"214","log(qpcnia)-qpcnia_aerr=log(qpxp)+log(uqpct)"
"215","log(qpl)-qpl_aerr=log(pl)+y_qpl(1)*log(pxg/qpxg)"
"216","log(qpmo)-qpmo_aerr=log(qpmo(-1))+y_qpmo(1)"
"217","log(qpxg)-qpxg_aerr=log(pwstar)+y_qpxg(1)+y_qpxg(2)*log(pl/lprdt)"
"218","log(qpxnc)-qpxnc_aerr=log(pxnc)+y_qpxnc(1)*log(qpxp/pxp)+y_qpxnc(2)*log(qpcnia/pcnia)"
"219","qpxp-qpxp_aerr=100*(xpn+(.01*qpxg*xg-xgn))/xp"
"220","log(qynidn)-qynidn_aerr=y_qynidn(1)+y_qynidn(2)*d79a+y_qynidn(3)*log((@recode((ynicpn-tfcin-tscin)>(.01),ynicpn-tfcin-tscin,.01)))"
"221","rbbb-rbbb_aerr=(((0.01*rbbbe+1)^.5-1)*200)"
"222","rbbbe-rbbbe_aerr=rbbbp+rg10e"
"223","rbbbp-rbbbp_aerr=y_rbbbp(1)+y_rbbbp(2)*zgap10+y_rbbbp(3)*(rbbbp(-1)-y_rbbbp(4)-y_rbbbp(5)*zgap10(-1))"
"224","rcar-rcar_aerr=y_rcar(1)+y_rcar(2)*d79a+y_rcar(3)*((1-d79a)*t47)+y_rcar(4)*rcar(-1)+(y_rcar(5)*rg5+y_rcar(6)*rg5(-1))"
"225","rccd-rccd_aerr=(@recode((100*jrcd+rcar-zpi5)>(.01),100*jrcd+rcar-zpi5,.01))"
"226","rcch-rcch_aerr=(@recode((100*jrh+(1-trfpm/100)*(rme+100*trspp)-zpi10)>(.1),100*jrh+(1-trfpm/100)*(rme+100*trspp)-zpi10,.1))"
"227","rcgain-rcgain_aerr=picx4+y_rcgain(1)+y_rcgain(2)*xgap2+y_rcgain(3)*(rcgain(-1)-picx4(-1)-y_rcgain(4)-y_rcgain(5)*xgap2(-1))"
"228","req-req_aerr=rg30e-zpic30+reqp"
"229","reqp-reqp_aerr=y_reqp(1)+y_reqp(2)*rbbbp+y_reqp(3)*(reqp(-1)-y_reqp(4)-y_reqp(5)*rbbbp(-1))"
"230","rff-rff_aerr=36000*((1+.01*rffe)^(1/365)-1)"
"231","rffalt-rffalt_aerr=y_rffalt(1)+y_rffalt(2)*rff(-1)+y_rffalt(3)*rff(-2)+y_rffalt(4)*xgap2+y_rffalt(5)*xgap2(-1)+y_rffalt(6)*((picxfe+picxfe(-1)+picxfe(-2)+picxfe(-3))/4)"
"232","rffe-rffe_aerr=(1-dmptrsh)*(@recode((rffrule)>(rffmin),rffrule,rffmin))+dmptrsh*(@recode(((dmptr(-1)*rffrule+(1-dmptr(-1))*rffmin))>(rffmin),(dmptr(-1)*rffrule+(1-dmptr(-1))*rffmin),rffmin))"
"233","rffgen-rffgen_aerr=y_rffgen(1)+(y_rffgen(2)*rffe(-1)+y_rffgen(3)*rffe(-2)+y_rffgen(4)*rffe(-3)+y_rffgen(5)*rffe(-4))+(y_rffgen(6)*picnia+y_rffgen(7)*picnia(-1)+y_rffgen(8)*picnia(-2)+y_rffgen(9)*picnia(-3)+y_rffgen(10)*picnia(-4))+(y_rffgen(11)*xgap2+y_rffgen(12)*xgap2(-1)+y_rffgen(13)*xgap2(-2)+y_rffgen(14)*xgap2(-3)+y_rffgen(15)*xgap2(-4))+(y_rffgen(16)*lur+y_rffgen(17)*lur(-1)+y_rffgen(18)*lur(-2)+y_rffgen(19)*lur(-3)+y_rffgen(20)*lur(-4))+(y_rffgen(21)*pcnia+y_rffgen(22)*pcnia(-1)+y_rffgen(23)*pcnia(-2)+y_rffgen(24)*pcnia(-3)+y_rffgen(25)*pcnia(-4))+(y_rffgen(26)*rstar+y_rffgen(27)*rstar(-1)+y_rffgen(28)*rstar(-2)+y_rffgen(29)*rstar(-3)+y_rffgen(30)*rstar(-4))+(y_rffgen(31)*pitarg+y_rffgen(32)*pitarg(-1)+y_rffgen(33)*pitarg(-2)+y_rffgen(34)*pitarg(-3)+y_rffgen(35)*pitarg(-4))+(y_rffgen(36)*lurnat+y_rffgen(37)*lurnat(-1)+y_rffgen(38)*lurnat(-2)+y_rffgen(39)*lurnat(-3)+y_rffgen(40)*lurnat(-4))+(y_rffgen(41)*pcstar+y_rffgen(42)*pcstar(-1)+y_rffgen(43)*pcstar(-2)+y_rffgen(44)*pcstar(-3)+y_rffgen(45)*pcstar(-4))+(y_rffgen(46)*picxfe+y_rffgen(47)*picxfe(-1)+y_rffgen(48)*picxfe(-2)+y_rffgen(49)*picxfe(-3)+y_rffgen(50)*picxfe(-4))"
"234","rffintay-rffintay_aerr=y_rffintay(3)*rffe(-1)+(1-y_rffintay(3))*(rstar+(picxfe+picxfe(-1)+picxfe(-2)+picxfe(-3))/4+y_rffintay(1)*((picxfe+picxfe(-1)+picxfe(-2)+picxfe(-3))/4-pitarg)+y_rffintay(2)*xgap2)"
"235","rffrule-rffrule_aerr=(@recode((dmpex*100*((1+rfffix/36000)^365-1)+dmprr*(rrfix+(picxfe+picxfe(-1)+picxfe(-2)+picxfe(-3))/4)+dmptay*rfftay+dmptlr*rfftlr+dmpintay*rffintay+dmpalt*100*((1+rffalt/36000)^365-1)+dmpgen*rffgen)>(rffmin),dmpex*100*((1+rfffix/36000)^365-1)+dmprr*(rrfix+(picxfe+picxfe(-1)+picxfe(-2)+picxfe(-3))/4)+dmptay*rfftay+dmptlr*rfftlr+dmpintay*rffintay+dmpalt*100*((1+rffalt/36000)^365-1)+dmpgen*rffgen,rffmin))"
"236","rfftay-rfftay_aerr=rstar+(picxfe+picxfe(-1)+picxfe(-2)+picxfe(-3))/4+y_rfftay(1)*((picxfe+picxfe(-1)+picxfe(-2)+picxfe(-3))/4-pitarg)+y_rfftay(2)*xgap2"
"237","rfftlr-rfftlr_aerr=rstar+y_rfftlr(1)*pitarg+y_rfftlr(2)*((picxfe+picxfe(-1)+picxfe(-2)+picxfe(-3)))+y_rfftlr(3)*(lurnat+deuc*leuc-lur)"
"238","d(rfynic,0,1)-rfynic_aerr=y_rfynic(1)+y_rfynic(2)*(rfynic(-1)-rfynil(-1))+y_rfynic(3)*d(rfynic(-1),0,1)+y_rfynic(4)*d(rfynil,0,1)"
"239","d(rfynil,0,1)-rfynil_aerr=y_rfynil(1)+y_rfynil(2)*rfynil(-1)+y_rfynil(3)*rg10(-1)+y_rfynil(4)*rtb(-1)+y_rfynil(5)*reqp(-1)+y_rfynil(6)*d(rfynil(-1),0,1)+y_rfynil(7)*d(rg10,0,1)+y_rfynil(8)*d(rtb,0,1)+y_rfynil(9)*d(reqp,0,1)"
"240","rg10-rg10_aerr=(((.01*rg10e+1)^.5-1)*200)"
"241","rg10e-rg10e_aerr=zrff10+rg10p"
"242","rg10p-rg10p_aerr=y_rg10p(1)+y_rg10p(2)*zgap10+y_rg10p(3)*d8095+y_rg10p(4)*(rg10p(-1)-y_rg10p(1)-y_rg10p(2)*zgap10(-1)-y_rg10p(3)*d8095(-1))"
"243","rg30-rg30_aerr=(((.01*rg30e+1)^.5-1)*200)"
"244","rg30e-rg30e_aerr=zrff30+rg30p"
"245","rg30p-rg30p_aerr=y_rg30p(1)+y_rg30p(2)*zgap30+y_rg30p(3)*d8095+y_rg30p(4)*(rg30p(-1)-y_rg30p(1)-y_rg30p(2)*zgap30(-1)-y_rg30p(3)*d8095(-1))"
"246","rg5-rg5_aerr=(((.01*rg5e+1)^.5-1)*200)"
"247","rg5e-rg5e_aerr=zrff5+rg5p"
"248","rg5p-rg5p_aerr=y_rg5p(1)+y_rg5p(2)*zgap05+y_rg5p(3)*(rg5p(-1)-y_rg5p(1)-y_rg5p(2)*zgap05(-1))"
"249","rgfint-rgfint_aerr=(y_rgfint(1)*rgfint(-1)+(1-y_rgfint(1))*rgw(-1))*(gfdbtn(-2)/gfdbtn(-1))+rgw(-1)*(1-gfdbtn(-2)/gfdbtn(-1))+y_rgfint(2)"
"250","rgw-rgw_aerr=y_rgw(1)*rtb+y_rgw(2)*rg5+y_rgw(3)*rg10+y_rgw(4)*rg30"
"251","d(rme,0,1)-rme_aerr=y_rme(1)+y_rme(2)*d(rg10e,0,1)+y_rme(3)*d87*d(rg10e,0,1)+y_rme(4)*(rg10e(-1)-rme(-1))+y_rme(5)*d87*(rg10e(-1)-rme(-1))"
"252","rpd-rpd_aerr=0.5*(7.2+(1-trfcim)*(rg5e+rbbbe-rg10e)-zpib5)+0.5*req"
"253","rrffe-rrffe_aerr=rffe-(picxfe+picxfe(-1)+picxfe(-2)+picxfe(-3))/4"
"254","rrmet-rrmet_aerr=y_rrmet(1)*rrmet(-1)+y_rrmet(2)*(rme-zpi10)"
"255","rrtr-rrtr_aerr=y_rrtr(1)*rrtr(-1)+y_rrtr(2)*rrffe"
"256","rspnia-rspnia_aerr=100*yhsn/ydn"
"257","rstar-rstar_aerr=rstar(-1)+y_rstar(1)*((rrffe-rstar(-1))*drstar)"
"258","rtb-rtb_aerr=36000/90*(1-(.01*rtbe+1)^(-90/365))"
"259","rtbe-rtbe_aerr=y_rtbe(1)+(y_rtbe(2)*rtbe(-1)+y_rtbe(3)*rtbe(-2))+(y_rtbe(4)*rffe+y_rtbe(5)*rffe(-1))"
"260","rtinv-rtinv_aerr=(.01*rpd-.01*hgpkir)*((pxp*pkir+pxp(-1)*pkir(-1))/2)/pxb"
"261","rtpd-rtpd_aerr=(.01*rpd+jrpd-.01*hgpdr)*((1-.01*tapdt-trfcim*(1-tapddp*.01*tapdt)*tapdd)/(1-trfcim))*((pxp*pkpdr+pxp(-1)*pkpdr(-1))/2)/pxb"
"262","rtpi-rtpi_aerr=(.01*rpd+jrpi-.01*hgpir)*((pxp*ppir+pxp(-1)*ppir(-1))/2)/pxb"
"263","rtps-rtps_aerr=(@recode(((.01*rpd+jrps-.01*hgppsr)*((1-trfcim*tapsda)/(1-trfcim))*((pxp*ppsr+pxp(-1)*ppsr(-1))/2)/pxb)>(.02),(.01*rpd+jrps-.01*hgppsr)*((1-trfcim*tapsda)/(1-trfcim))*((pxp*ppsr+pxp(-1)*ppsr(-1))/2)/pxb,.02))"
"264","rtr-rtr_aerr=rrtr+ptr"
"265","tapdd-tapdd_aerr=.5*d2003+.5*d2003*(2.0/(2.0+.01*tapds*(rpd+zpib5)))+.3*d2002+.7*d2002*(2.0/(2.0+.01*tapds*(rpd+zpib5)))+(d87-d2002-d2003)*(2.0/(2.0+.01*tapds*(rpd+zpib5)))+(d81-d87)*(1.5/(1.5+.01*tapds*(rpd+zpib5)))+(1-d81)*(((1-tapdad)*(1-exp(-(.01*tapds*(rpd+zpib5))))/(.01*tapds*(rpd+zpib5)))+tapdad*2*(1-(1-exp(-(.01*tapds*(rpd+zpib5))))/(.01*tapds*(rpd+zpib5)))/(.01*tapds*(rpd+zpib5)))"
"266","tapsda-tapsda_aerr=(1-tapsad)*(1-exp(-0.01*(rpd+zpib5)*tapssl))/(0.01*(rpd+zpib5)*tapssl)+tapsad*(1-d69)*2*(1-(1-exp(-0.01*(rpd+zpib5)*tapssl))/(0.01*(rpd+zpib5)*tapssl))/(0.01*(rpd+zpib5)*tapssl)+tapsad*(d69-d81)*((1.5/(1.5+.01*tapssl*(rpd+zpib5)))*(1-exp(-0.5-0.33*(0.01*(rpd+zpib5)*tapssl)))+(exp(-0.5)/(0.67*(0.01*(rpd+zpib5)*tapssl)))*(exp(-0.33*(0.01*(rpd+zpib5)*tapssl))-exp(-(0.01*(rpd+zpib5)*tapssl))))+tapsad*(d81-d86)*((1.75/(1.75+.01*tapssl*(rpd+zpib5)))*(1-exp(-0.75-0.428*(0.01*(rpd+zpib5)*tapssl)))+(exp(-0.75)/(0.572*(0.01*(rpd+zpib5)*tapssl)))*(exp(-0.428*(0.01*(rpd+zpib5)*tapssl))-exp(-(0.01*(rpd+zpib5)*tapssl))))+tapsad*d86*(1-exp(-0.01*(rpd+zpib5)*tapssl))/(0.01*(rpd+zpib5)*tapssl)"
"267","tfcin-tfcin_aerr=trfci*ynicpn"
"268","tfibn-tfibn_aerr=trfib*ecnian"
"269","tfpn-tfpn_aerr=trfp*(ypn-gftn-gstn)"
"270","tfsin-tfsin_aerr=trfsi*yniln"
"271","trfci-trfci_aerr=y_trfci(1)+y_trfci(2)*trfci(-1)+y_trfci(3)*trfcim+y_trfci(4)*.01*pxp*epd*ppdr*.01*tapdt/ynicpn+y_trfci(5)*xgap2+y_trfci(6)*picnia"
"272","trfp-trfp_aerr=y_trfp(1)*trfpt+(y_trfp(2)*(trfp(-1)-trfpt(-1))+y_trfp(3)*(trfp(-2)-trfpt(-2)))+y_trfp(4)*xgap2(-1)"
"273","trfpt-trfpt_aerr=dfpex*trfptx+dfpdbt*(trfpt(-1)+y_trfpt(1)*(gfdbtn(-1)/xgdpn(-1)-gfdrt(-1))+y_trfpt(2)*d(gfdbtn(-1)/xgdpn(-1)-gfdrt(-1),0,1))+dfpsrp*(trfpt(-1)+y_trfpt(3)*((gfsrpn(-1)-egfin(-1)+jygfgn(-1)+jygfen(-1))/xgdpn(-1)-gfsrt(-1)))"
"274","trsci-trsci_aerr=y_trsci(1)*trsci(-1)+(y_trsci(2)*trscit+y_trsci(3)*trscit(-1))+(y_trsci(4)*xgap2+y_trsci(5)*xgap2(-1))+y_trsci(6)*d(trfci,0,1)"
"275","trsib-trsib_aerr=y_trsib(1)*trsib(-1)+(y_trsib(2)*trsibt+y_trsib(3)*trsibt(-1))+y_trsib(4)*xgap2"
"276","trsp-trsp_aerr=y_trsp(1)*trsp(-1)+(y_trsp(2)*trspt+y_trsp(3)*trspt(-1))+y_trsp(4)*xgap2(-1)+y_trsp(5)*d(trfp,0,1)"
"277","trspt-trspt_aerr=dfpex*trsptx+dfpdbt*(trspt(-1)+y_trspt(1)*(gsdbtn(-1)/xgdpn(-1)-gsdrt(-1))+y_trspt(2)*d(gsdbtn(-1)/xgdpn(-1)-gsdrt(-1),0,1))+dfpsrp*(trspt(-1)+y_trspt(3)*((gssrpn(-1)-egsin(-1)+jygsgn(-1)+jygsen(-1))/xgdpn(-1)-gssrt(-1)))"
"278","trssi-trssi_aerr=(y_trssi(1)*trssi(-1)+y_trssi(2)*trssi(-2))+(y_trssi(3)*trssit+y_trssi(4)*trssit(-1))+y_trssi(5)*xgap2"
"279","tryh-tryh_aerr=(tfpn+tspn)/(yhln+yhptn)"
"280","tscin-tscin_aerr=trsci*ynicpn"
"281","tsibn-tsibn_aerr=trsib*ecnian"
"282","tspn-tspn_aerr=trsp*(ypn-gftn-gstn)"
"283","tssin-tssin_aerr=trssi*yniln"
"284","d(log(uces),0,1)-uces_aerr=y_uces(1)*log(uces(-1))+y_uces(2)*log(pcer(-1))+y_uces(3)*log(ceng(-1)/xg(-1))+y_uces(4)*t47+y_uces(5)+y_uces(6)*d(log(uces(-1)),0,1)+y_uces(7)*d(log(pcer),0,1)+y_uces(8)*d(log(ceng/xg),0,1)"
"285","d(log(ucfs),0,1)-ucfs_aerr=y_ucfs(1)*log(ucfs(-1))+y_ucfs(2)*log(pcfr(-1))+y_ucfs(3)*t47+y_ucfs(4)+y_ucfs(5)*d(log(ucfs(-1)),0,1)+y_ucfs(6)*d(log(pcfrt),0,1)+y_ucfs(7)*d(log(pcfr/pcfrt),0,1)"
"286","log(uqpct)-uqpct_aerr=y_uqpct(1)+log(uqpct(-1))+huqpct"
"287","log(uxbt)-uxbt_aerr=y_uxbt(1)+log(uxbt(-1))+.0025*huxb"
"288","log(veo)-veo_aerr=log(pxb/pceng)"
"289","log(veoa)-veoa_aerr=y_veoa(1)*log(veoa(-1))+y_veoa(2)*log(veo(-1))+uveoa"
"290","vpd-vpd_aerr=uvpd*(pkpdr/ppdr)/rtpd"
"291","vpi-vpi_aerr=uvpi/rtpi"
"292","vps-vps_aerr=uvps/rtps"
"293","d(log(wdnfcn),0,1)-wdnfcn_aerr=y_wdnfcn(1)*log(wdnfcn(-1)/(ynin(-1)-yniln(-1)))+y_wdnfcn(2)+y_wdnfcn(3)*d(log(wdnfcn(-1)),0,1)+y_wdnfcn(4)*d(log(wdnfcn(-2)),0,1)+y_wdnfcn(5)*xgap2"
"294","wpo-wpo_aerr=wpon/(.01*pcnia)"
"295","wpon-wpon_aerr=wpon(-1)*exp((1-((phouse(-1)*kh(-1)/116)/wpon(-1)))*rcgain/400+((phouse(-1)*kh(-1)/116)/wpon(-1))*d(log(phouse),0,1))+.25*(ydn-ecnian-yhibn)+.25*(.01*pcdr*pcnia*(ecd-jkcd))"
"296","wps-wps_aerr=wpsn/(.01*pcnia)"
"297","log(wpsn)-wpsn_aerr=log((ynicpn-tfcin-tscin)*.5)-.25*(req-zdivgr)+log(25)+1"
"298","xb-xb_aerr=xbn/(pxb/100)"
"299","xbn-xbn_aerr=pxb/100*xbo+xgdpn-xgdo*pgdp/100"
"300","log(xbo)-xbo_aerr=log(xbt)+y_xbo(1)*xgap2/100"
"301","log(xbt)-xbt_aerr=log(xb)+(log(xgpot/xg)-.5*(.035*empn/(.01*pceng*ceng)+.035*empn(-1)/(.01*pceng(-1)*ceng(-1)))*log(empt/emp))/(1-.5*(.035*empn/(.01*pceng*ceng)+.035*empn(-1)/(.01*pceng(-1)*ceng(-1))))"
"302","xeng-xeng_aerr=uxeng*xgpot"
"303","log(xfs)-xfs_aerr=log(xfs(-1))+.5*((ecnian/xfsn+ecnian(-1)/xfsn(-1))*d(log(ecnia),0,1)+(ehn/xfsn+ehn(-1)/xfsn(-1))*d(log(eh),0,1)+(epdn/xfsn+epdn(-1)/xfsn(-1))*d(log(epd),0,1)+(epsn/xfsn+epsn(-1)/xfsn(-1))*d(log(eps),0,1)+(epin/xfsn+epin(-1)/xfsn(-1))*d(log(epi),0,1)+(egfon/xfsn+egfon(-1)/xfsn(-1))*d(log(egfo),0,1)+(egfin/xfsn+egfin(-1)/xfsn(-1))*d(log(egfi),0,1)+(egfln/xfsn+egfln(-1)/xfsn(-1))*d(log(egfl),0,1)+(egson/xfsn+egson(-1)/xfsn(-1))*d(log(egso),0,1)+(egsin/xfsn+egsin(-1)/xfsn(-1))*d(log(egsi),0,1)+(egsln/xfsn+egsln(-1)/xfsn(-1))*d(log(egsl),0,1)+(exn/xfsn+exn(-1)/xfsn(-1))*d(log(ex),0,1)-(emon/xfsn+emon(-1)/xfsn(-1))*d(log(emo),0,1)-(empn/xfsn+empn(-1)/xfsn(-1))*d(log(emp),0,1))"
"304","xfsn-xfsn_aerr=xgdpn-ein"
"305","log(xg)-xg_aerr=log(xg(-1))+(1-.5*(.035*empn/(.01*pceng*ceng)+.035*empn(-1)/(.01*pceng(-1)*ceng(-1))))*d(log(xb),0,1)+.5*(.035*empn/(.01*pceng*ceng)+.035*empn(-1)/(.01*pceng(-1)*ceng(-1)))*d(log(emp),0,1)"
"306","xgap-xgap_aerr=100*log(xgo/xgpot)"
"307","xgap2-xgap2_aerr=100*log(xgdo/xgdpt)"
"308","log(xgde)-xgde_aerr=log(xgde(-1))+.5*((xgdpn/xgden+xgdpn(-1)/xgden(-1))*d(log(xgdp),0,1)-(exn/xgden+exn(-1)/xgden(-1))*d(log(ex),0,1)+(emon/xgden+emon(-1)/xgden(-1))*d(log(emo),0,1)+(empn/xgden+empn(-1)/xgden(-1))*d(log(emp),0,1))"
"309","xgden-xgden_aerr=xgdpn+emn-exn"
"310","xgdi-xgdi_aerr=xgdo*mei"
"311","xgdin-xgdin_aerr=xgdi*(pgdp/100)"
"312","xgdo-xgdo_aerr=xgdp/mep"
"313","xgdp-xgdp_aerr=xgdp(-1)*@sqrt(((xfsn(-1)/xgdpn(-1))*(xfs/xfs(-1))+(.01*ei(-1)*pkir(-1)*pxp(-1)/xgdpn(-1))*(ei/ei(-1)))*1/((xfsn/xgdpn)*(xfs(-1)/xfs)+(.01*ei*pkir*pxp/xgdpn)*(ei(-1)/ei)))"
"314","xgdpn-xgdpn_aerr=xpn+ein-emn+egfln+egsln"
"315","log(xgdpt)-xgdpt_aerr=log(xbt)+log(uxbt)"
"316","xgdptn-xgdptn_aerr=.01*pgdp*xgdpt"
"317","xgn-xgn_aerr=xbn+empn"
"318","log(xgo)-xgo_aerr=log(xgpot)+y_xgo(1)*xgap2/100"
"319","log(xgpot)-xgpot_aerr=(y_xgpot(1)*(log(leppot)+log(qlww)+log(lqualt))+y_xgpot(2)*log(ks)+y_xgpot(3)*log(veoa)+log(mfpt))/(1-y_xgpot(4))"
"320","log(xp)-xp_aerr=log(xp(-1))+.5*(ecnian/xpn+ecnian(-1)/xpn(-1))*d(log(ecnia),0,1)+.5*(ehn/xpn+ehn(-1)/xpn(-1))*d(log(eh),0,1)+.5*(epdn/xpn+epdn(-1)/xpn(-1))*d(log(epd),0,1)+.5*(epin/xpn+epin(-1)/xpn(-1))*d(log(epi),0,1)+.5*(epsn/xpn+epsn(-1)/xpn(-1))*d(log(eps),0,1)+.5*(egfon/xpn+egfon(-1)/xpn(-1))*d(log(egfo),0,1)+.5*(egfin/xpn+egfin(-1)/xpn(-1))*d(log(egfi),0,1)+.5*(egson/xpn+egson(-1)/xpn(-1))*d(log(egso),0,1)+.5*(egsin/xpn+egsin(-1)/xpn(-1))*d(log(egsi),0,1)+.5*(exn/xpn+exn(-1)/xpn(-1))*d(log(ex),0,1)"
"321","xpn-xpn_aerr=.01*pxp*xp"
"322","ycsn-ycsn_aerr=ynicpn-tfcin-tscin-ftcin-ynidn+jccacn"
"323","ydn-ydn_aerr=uyd*(ypn-tfpn-tspn)"
"324","ygfsn-ygfsn_aerr=gfsrpn+jygfgn+jygfen"
"325","ygssn-ygssn_aerr=gssrpn+jygsgn+jygsen"
"326","yh-yh_aerr=yhl+yht+yhp"
"327","yhgap-yhgap_aerr=100*(yhshr/zyhst-1)"
"328","d(log(yhibn),0,1)-yhibn_aerr=y_yhibn(1)*(picxfe/1600+picxfe(-1)/1600+picxfe(-2)/1600+picxfe(-3)/1600)+y_yhibn(2)+y_yhibn(3)*log(ecnian(-1)/yhibn(-1))+y_yhibn(4)*(d(log(yhibn(-1)),0,1)-(picxfe(-1)/1600+picxfe(-2)/1600+picxfe(-3)/1600+picxfe(-4)/1600))+y_yhibn(5)*d79a+y_yhibn(6)*rcar(-1)+y_yhibn(7)*log(.01*pcdr(-1)*pcnia(-1)*ecd(-1)/ecnian(-1))+y_yhibn(8)*d(rffe,0,1)"
"329","yhin-yhin_aerr=uyhi*(yniin+gfintn+gsintn+yhibn)"
"330","yhl-yhl_aerr=(1-tryh)*yhln/(.01*pcnia)"
"331","yhln-yhln_aerr=uyhln*(yniln-tfsin-tssin)"
"332","yhp-yhp_aerr=((1-tryh)*yhptn+yhpntn)/(.01*pcnia)"
"333","log(yhpcd)-yhpcd_aerr=log(y_yhpcd(1))+log(kcd(-1))"
"334","yhpgap-yhpgap_aerr=100*(yhpshr/zyhpst-1)"
"335","yhpntn-yhpntn_aerr=.01*pcnia*pcdr*yhpcd-yhibn+ynicpn-tfcin-tscin-ynidn-.01*zpi10*(gfdbtn+gsdbtn)"
"336","yhpshr-yhpshr_aerr=yhp/yh"
"337","yhptn-yhptn_aerr=uyhptn*(ynisen+yhin+ynidn)"
"338","yhshr-yhshr_aerr=yh/xgdp"
"339","yhsn-yhsn_aerr=yhln+yhtn+yhptn-tfpn-tspn-ecnian-yhibn+uyhsn*xgdptn"
"340","yht-yht_aerr=yhtn/(.01*pcnia)"
"341","yhtgap-yhtgap_aerr=100*(yhtshr/zyhtst-1)"
"342","yhtn-yhtn_aerr=uyhtn*(gftn+gstn)"
"343","yhtshr-yhtshr_aerr=yht/yh"
"344","ykin-ykin_aerr=.01*rtinv*pxb*(ki+ki(-1))/2"
"345","ykpdn-ykpdn_aerr=.01*rtpd*pxb*(kpd+kpd(-1))/2"
"346","ykpsn-ykpsn_aerr=.01*rtps*pxb*(kps+kps(-1))/2"
"347","ynicpn-ynicpn_aerr=uynicp*(@recode((ynin-yniln-yniin-ynisen-tfibn-tsibn+gfsubn+gssubn)>(tfcin+tscin+.01*xgdpn),ynin-yniln-yniin-ynisen-tfibn-tsibn+gfsubn+gssubn,tfcin+tscin+.01*xgdpn))"
"348","d(log((ynidn-ymsdn)/pxb),0,1)-ynidn_aerr=y_ynidn(1)*log(qynidn(-1)/(ynidn(-1)-ymsdn(-1)))+y_ynidn(2)*d(log((ynidn(-1)-ymsdn(-1))/pxb(-1)),0,1)+y_ynidn(3)*zynid"
"349","yniin/(ynin(-1)-yniln(-1))-yniin_aerr=y_yniin(1)+y_yniin(2)*(yniin(-1)/(ynin(-2)-yniln(-2)))+y_yniin(3)*(.01*rrmet*.01*phr(-1)*pxp(-1)*kh(-1)/(ynin(-1)-yniln(-1)))+y_yniin(4)*((.01*rbbbe)*(wdnfcn(-1)/(ynin(-1)-yniln(-1))))+y_yniin(5)*(.01*d(rbbbe*(wdnfcn(-1)/(ynin(-1)-yniln(-1))),0,1))+y_yniin(6)*(.01*fnin(-1)/(ynin(-1)-yniln(-1)))"
"350","yniln-yniln_aerr=0.01*uyl*(pl*lhp+pgfl*egfl+pgsl*egsl)"
"351","ynin-ynin_aerr=uyni*(xgdin+fynin-jccan)"
"352","ynisen-ynisen_aerr=uysen*xbn"
"353","ypn-ypn_aerr=uyp*(yhln+yhtn+yhptn)"
"354","zdivgr-zdivgr_aerr=y_zdivgr(1)+(y_zdivgr(2)*picnia+y_zdivgr(3)*picnia(-1)+y_zdivgr(4)*picnia(-2)+y_zdivgr(5)*picnia(-3))+(y_zdivgr(6)*rffe+y_zdivgr(7)*rffe(-1)+y_zdivgr(8)*rffe(-2)+y_zdivgr(9)*rffe(-3))+y_zdivgr(10)*rtr+y_zdivgr(11)*ptr+(y_zdivgr(12)*xgap+y_zdivgr(13)*xgap(-1)+y_zdivgr(14)*xgap(-2)+y_zdivgr(15)*xgap(-3))+(y_zdivgr(16)*(400*d(log((ynicpn-tfcin-tscin)*.5/(.01*pxg)),0,1))+y_zdivgr(17)*(400*d(log((ynicpn(-1)-tfcin(-1)-tscin(-1))*.5/(.01*pxg(-1))),0,1))+y_zdivgr(18)*(400*d(log((ynicpn(-2)-tfcin(-2)-tscin(-2))*.5/(.01*pxg(-2))),0,1))+y_zdivgr(19)*(400*d(log((ynicpn(-3)-tfcin(-3)-tscin(-3))*.5/(.01*pxg(-3))),0,1)))+y_zdivgr(20)*hgx"
"355","zecd-zecd_aerr=(y_zecd(1)*picnia(-1)+y_zecd(2)*picnia(-2)+y_zecd(3)*picnia(-3)+y_zecd(4)*picnia(-4))+(y_zecd(5)*rffe(-1)+y_zecd(6)*rffe(-2)+y_zecd(7)*rffe(-3)+y_zecd(8)*rffe(-4))+(y_zecd(9)*xgap2(-1)+y_zecd(10)*xgap2(-2)+y_zecd(11)*xgap2(-3)+y_zecd(12)*xgap2(-4))+y_zecd(13)*ptr(-1)+y_zecd(14)*rtr(-1)+(y_zecd(15)*yhgap(-1)+y_zecd(16)*yhgap(-2)+y_zecd(17)*yhgap(-3)+y_zecd(18)*yhgap(-4))+(y_zecd(19)*yhtgap(-1)+y_zecd(20)*yhtgap(-2)+y_zecd(21)*yhtgap(-3)+y_zecd(22)*yhtgap(-4))+(y_zecd(23)*yhpgap(-1)+y_zecd(24)*yhpgap(-2)+y_zecd(25)*yhpgap(-3)+y_zecd(26)*yhpgap(-4))+y_zecd(27)*(hggdpt(-1)/400)+y_zecd(28)*(hgpcdr(-1)/400)+(y_zecd(29)*d(log(qecd(-1)),0,1)+y_zecd(30)*d(log(qecd(-2)),0,1)+y_zecd(31)*d(log(qecd(-3)),0,1)+y_zecd(32)*d(log(qecd(-4)),0,1))"
"356","zeco-zeco_aerr=(y_zeco(1)*picnia(-1)+y_zeco(2)*picnia(-2)+y_zeco(3)*picnia(-3)+y_zeco(4)*picnia(-4))+(y_zeco(5)*rffe(-1)+y_zeco(6)*rffe(-2)+y_zeco(7)*rffe(-3)+y_zeco(8)*rffe(-4))+(y_zeco(9)*xgap2(-1)+y_zeco(10)*xgap2(-2)+y_zeco(11)*xgap2(-3)+y_zeco(12)*xgap2(-4))+y_zeco(13)*ptr(-1)+y_zeco(14)*rtr(-1)+(y_zeco(15)*yhgap(-1)+y_zeco(16)*yhgap(-2)+y_zeco(17)*yhgap(-3)+y_zeco(18)*yhgap(-4))+(y_zeco(19)*yhtgap(-1)+y_zeco(20)*yhtgap(-2)+y_zeco(21)*yhtgap(-3)+y_zeco(22)*yhtgap(-4))+(y_zeco(23)*yhpgap(-1)+y_zeco(24)*yhpgap(-2)+y_zeco(25)*yhpgap(-3)+y_zeco(26)*yhpgap(-4))+y_zeco(27)*((hggdpt(-1)/400))+(y_zeco(28)*(d(log(qeco(-1)),0,1))+y_zeco(29)*(d(log(qeco(-2)),0,1))+y_zeco(30)*(d(log(qeco(-3)),0,1))+y_zeco(31)*(d(log(qeco(-4)),0,1)))"
"357","zeh-zeh_aerr=(y_zeh(1)*picnia(-1)+y_zeh(2)*picnia(-2)+y_zeh(3)*picnia(-3)+y_zeh(4)*picnia(-4))+(y_zeh(5)*rffe(-1)+y_zeh(6)*rffe(-2)+y_zeh(7)*rffe(-3)+y_zeh(8)*rffe(-4))+(y_zeh(9)*xgap2(-1)+y_zeh(10)*xgap2(-2)+y_zeh(11)*xgap2(-3)+y_zeh(12)*xgap2(-4))+y_zeh(13)*ptr(-1)+y_zeh(14)*rtr(-1)+(y_zeh(15)*yhgap(-1)+y_zeh(16)*yhgap(-2)+y_zeh(17)*yhgap(-3)+y_zeh(18)*yhgap(-4))+(y_zeh(19)*yhtgap(-1)+y_zeh(20)*yhtgap(-2)+y_zeh(21)*yhtgap(-3)+y_zeh(22)*yhtgap(-4))+(y_zeh(23)*yhpgap(-1)+y_zeh(24)*yhpgap(-2)+y_zeh(25)*yhpgap(-3)+y_zeh(26)*yhpgap(-4))+y_zeh(27)*(hggdpt(-1)/400)+(y_zeh(28)*d(log(qeh(-1)),0,1)+y_zeh(29)*d(log(qeh(-2)),0,1)+y_zeh(30)*d(log(qeh(-3)),0,1)+y_zeh(31)*d(log(qeh(-4)),0,1))"
"358","zgap05-zgap05_aerr=y_zgap05(1)+(y_zgap05(2)*picnia+y_zgap05(3)*picnia(-1)+y_zgap05(4)*picnia(-2)+y_zgap05(5)*picnia(-3))+(y_zgap05(6)*rffe+y_zgap05(7)*rffe(-1)+y_zgap05(8)*rffe(-2)+y_zgap05(9)*rffe(-3))+y_zgap05(10)*rtr+y_zgap05(11)*ptr+(y_zgap05(12)*xgap+y_zgap05(13)*xgap(-1)+y_zgap05(14)*xgap(-2)+y_zgap05(15)*xgap(-3))"
"359","zgap10-zgap10_aerr=y_zgap10(1)+(y_zgap10(2)*picnia+y_zgap10(3)*picnia(-1)+y_zgap10(4)*picnia(-2)+y_zgap10(5)*picnia(-3))+(y_zgap10(6)*rffe+y_zgap10(7)*rffe(-1)+y_zgap10(8)*rffe(-2)+y_zgap10(9)*rffe(-3))+y_zgap10(10)*rtr+y_zgap10(11)*ptr+(y_zgap10(12)*xgap+y_zgap10(13)*xgap(-1)+y_zgap10(14)*xgap(-2)+y_zgap10(15)*xgap(-3))"
"360","zgap30-zgap30_aerr=y_zgap30(1)+(y_zgap30(2)*picnia+y_zgap30(3)*picnia(-1)+y_zgap30(4)*picnia(-2)+y_zgap30(5)*picnia(-3))+(y_zgap30(6)*rffe+y_zgap30(7)*rffe(-1)+y_zgap30(8)*rffe(-2)+y_zgap30(9)*rffe(-3))+y_zgap30(10)*rtr+y_zgap30(11)*ptr+(y_zgap30(12)*xgap+y_zgap30(13)*xgap(-1)+y_zgap30(14)*xgap(-2)+y_zgap30(15)*xgap(-3))"
"361","zgapc2-zgapc2_aerr=(y_zgapc2(1)*picnia(-1)+y_zgapc2(2)*picnia(-2)+y_zgapc2(3)*picnia(-3)+y_zgapc2(4)*picnia(-4))+(y_zgapc2(5)*rffe(-1)+y_zgapc2(6)*rffe(-2)+y_zgapc2(7)*rffe(-3)+y_zgapc2(8)*rffe(-4))+(y_zgapc2(9)*xgap2(-1)+y_zgapc2(10)*xgap2(-2)+y_zgapc2(11)*xgap2(-3)+y_zgapc2(12)*xgap2(-4))+y_zgapc2(13)*ptr(-1)+y_zgapc2(14)*rtr(-1)"
"362","zlhp-zlhp_aerr=(y_zlhp(1)*picnia(-1)+y_zlhp(2)*picnia(-2)+y_zlhp(3)*picnia(-3)+y_zlhp(4)*picnia(-4))+(y_zlhp(5)*rffe(-1)+y_zlhp(6)*rffe(-2)+y_zlhp(7)*rffe(-3)+y_zlhp(8)*rffe(-4))+y_zlhp(9)*rtr(-1)+y_zlhp(10)*ptr(-1)+(y_zlhp(11)*xgap(-1)+y_zlhp(12)*xgap(-2)+y_zlhp(13)*xgap(-3)+y_zlhp(14)*xgap(-4))+y_zlhp(15)*(d(log(xgo(-1)),0,1)-(d(log(lprdt(-1)),0,1)))+y_zlhp(16)*((hlept(-1)-hqlww(-1))/400)"
"363","zpi10-zpi10_aerr=(y_zpi10(1)*picnia(-1)+y_zpi10(2)*picnia(-2)+y_zpi10(3)*picnia(-3)+y_zpi10(4)*picnia(-4))+(y_zpi10(5)*rffe(-1)+y_zpi10(6)*rffe(-2)+y_zpi10(7)*rffe(-3)+y_zpi10(8)*rffe(-4))+y_zpi10(9)*rtr(-1)+y_zpi10(10)*ptr(-1)+(y_zpi10(11)*xgap(-1)+y_zpi10(12)*xgap(-2)+y_zpi10(13)*xgap(-3)+y_zpi10(14)*xgap(-4))"
"364","zpi10f-zpi10f_aerr=zpi10"
"365","zpi5-zpi5_aerr=(y_zpi5(1)*picnia(-1)+y_zpi5(2)*picnia(-2)+y_zpi5(3)*picnia(-3)+y_zpi5(4)*picnia(-4))+(y_zpi5(5)*rffe(-1)+y_zpi5(6)*rffe(-2)+y_zpi5(7)*rffe(-3)+y_zpi5(8)*rffe(-4))+y_zpi5(9)*rtr(-1)+y_zpi5(10)*ptr(-1)+(y_zpi5(11)*xgap(-1)+y_zpi5(12)*xgap(-2)+y_zpi5(13)*xgap(-3)+y_zpi5(14)*xgap(-4))"
"366","zpib5-zpib5_aerr=y_zpib5(1)+(y_zpib5(2)*picnia(-1)+y_zpib5(3)*picnia(-2)+y_zpib5(4)*picnia(-3)+y_zpib5(5)*picnia(-4))+(y_zpib5(6)*rffe(-1)+y_zpib5(7)*rffe(-2)+y_zpib5(8)*rffe(-3)+y_zpib5(9)*rffe(-4))+y_zpib5(10)*rtr(-1)+y_zpib5(11)*ptr(-1)+(y_zpib5(12)*xgap(-1)+y_zpib5(13)*xgap(-2)+y_zpib5(14)*xgap(-3)+y_zpib5(15)*xgap(-4))+(y_zpib5(16)*(400*d(log(pxb(-1)),0,1))+y_zpib5(17)*(400*d(log(pxb(-2)),0,1))+y_zpib5(18)*(400*d(log(pxb(-3)),0,1))+y_zpib5(19)*(400*d(log(pxb(-4)),0,1)))"
"367","zpic30-zpic30_aerr=y_zpic30(1)+(y_zpic30(2)*picnia+y_zpic30(3)*picnia(-1)+y_zpic30(4)*picnia(-2)+y_zpic30(5)*picnia(-3))+(y_zpic30(6)*rffe+y_zpic30(7)*rffe(-1)+y_zpic30(8)*rffe(-2)+y_zpic30(9)*rffe(-3))+y_zpic30(10)*rtr+y_zpic30(11)*ptr+(y_zpic30(12)*xgap+y_zpic30(13)*xgap(-1)+y_zpic30(14)*xgap(-2)+y_zpic30(15)*xgap(-3))"
"368","zpic58-zpic58_aerr=(y_zpic58(1)*picnia+y_zpic58(2)*picnia(-1)+y_zpic58(3)*picnia(-2)+y_zpic58(4)*picnia(-3))+(y_zpic58(5)*rffe+y_zpic58(6)*rffe(-1)+y_zpic58(7)*rffe(-2)+y_zpic58(8)*rffe(-3))+y_zpic58(9)*rtr+y_zpic58(10)*ptr+(y_zpic58(11)*xgap+y_zpic58(12)*xgap(-1)+y_zpic58(13)*xgap(-2)+y_zpic58(14)*xgap(-3))"
"369","zpicxfe-zpicxfe_aerr=(y_zpicxfe(1)*picxfe(-1)+y_zpicxfe(2)*picxfe(-2)+y_zpicxfe(3)*picxfe(-3)+y_zpicxfe(4)*picxfe(-4))+(y_zpicxfe(5)*pieci(-1)+y_zpicxfe(6)*pieci(-2)+y_zpicxfe(7)*pieci(-3)+y_zpicxfe(8)*pieci(-4))+(y_zpicxfe(9)*rffe(-1)+y_zpicxfe(10)*rffe(-2)+y_zpicxfe(11)*rffe(-3)+y_zpicxfe(12)*rffe(-4))+(y_zpicxfe(13)*xgap2(-1)+y_zpicxfe(14)*xgap2(-2)+y_zpicxfe(15)*xgap2(-3)+y_zpicxfe(16)*xgap2(-4))+y_zpicxfe(17)*rtr(-1)+y_zpicxfe(18)*ptr(-1)+y_zpicxfe(19)*log(qpcnia(-1)/pcnia(-1))+y_zpicxfe(20)*log(qpl(-1)/pl(-1))+y_zpicxfe(21)*(hlprdt(-1)-400*huqpct(-1))+(y_zpicxfe(22)*(lur(-1)-lurnat(-1))+y_zpicxfe(23)*(lur(-2)-lurnat(-2)))"
"370","zpieci-zpieci_aerr=(y_zpieci(1)*picxfe(-1)+y_zpieci(2)*picxfe(-2)+y_zpieci(3)*picxfe(-3)+y_zpieci(4)*picxfe(-4))+(y_zpieci(5)*pieci(-1)+y_zpieci(6)*pieci(-2)+y_zpieci(7)*pieci(-3)+y_zpieci(8)*pieci(-4))+(y_zpieci(9)*rffe(-1)+y_zpieci(10)*rffe(-2)+y_zpieci(11)*rffe(-3)+y_zpieci(12)*rffe(-4))+(y_zpieci(13)*xgap2(-1)+y_zpieci(14)*xgap2(-2)+y_zpieci(15)*xgap2(-3)+y_zpieci(16)*xgap2(-4))+y_zpieci(17)*rtr(-1)+y_zpieci(18)*ptr(-1)+y_zpieci(19)*log(qpcnia(-1)/pcnia(-1))+y_zpieci(20)*log(qpl(-1)/pl(-1))+y_zpieci(21)*(hlprdt(-1)-400*huqpct(-1))+(y_zpieci(22)*(lur(-1)-lurnat(-1))+y_zpieci(23)*(lur(-2)-lurnat(-2)))"
"371","zrff10-zrff10_aerr=y_zrff10(1)+(y_zrff10(2)*picnia+y_zrff10(3)*picnia(-1)+y_zrff10(4)*picnia(-2)+y_zrff10(5)*picnia(-3))+(y_zrff10(6)*rffe+y_zrff10(7)*rffe(-1)+y_zrff10(8)*rffe(-2)+y_zrff10(9)*rffe(-3))+y_zrff10(10)*rtr+y_zrff10(11)*ptr+(y_zrff10(12)*xgap+y_zrff10(13)*xgap(-1)+y_zrff10(14)*xgap(-2)+y_zrff10(15)*xgap(-3))"
"372","zrff30-zrff30_aerr=y_zrff30(1)+(y_zrff30(2)*picnia+y_zrff30(3)*picnia(-1)+y_zrff30(4)*picnia(-2)+y_zrff30(5)*picnia(-3))+(y_zrff30(6)*rffe+y_zrff30(7)*rffe(-1)+y_zrff30(8)*rffe(-2)+y_zrff30(9)*rffe(-3))+y_zrff30(10)*rtr+y_zrff30(11)*ptr+(y_zrff30(12)*xgap+y_zrff30(13)*xgap(-1)+y_zrff30(14)*xgap(-2)+y_zrff30(15)*xgap(-3))"
"373","zrff5-zrff5_aerr=y_zrff5(1)+(y_zrff5(2)*picnia+y_zrff5(3)*picnia(-1)+y_zrff5(4)*picnia(-2)+y_zrff5(5)*picnia(-3))+(y_zrff5(6)*rffe+y_zrff5(7)*rffe(-1)+y_zrff5(8)*rffe(-2)+y_zrff5(9)*rffe(-3))+y_zrff5(10)*rtr+y_zrff5(11)*ptr+(y_zrff5(12)*xgap+y_zrff5(13)*xgap(-1)+y_zrff5(14)*xgap(-2)+y_zrff5(15)*xgap(-3))"
"374","zvpd-zvpd_aerr=y_zvpd(1)+(y_zvpd(2)*picnia(-1)+y_zvpd(3)*picnia(-2)+y_zvpd(4)*picnia(-3)+y_zvpd(5)*picnia(-4))+(y_zvpd(6)*rffe(-1)+y_zvpd(7)*rffe(-2)+y_zvpd(8)*rffe(-3)+y_zvpd(9)*rffe(-4))+y_zvpd(10)*rtr(-1)+y_zvpd(11)*ptr(-1)+(y_zvpd(12)*xgap(-1)+y_zvpd(13)*xgap(-2)+y_zvpd(14)*xgap(-3)+y_zvpd(15)*xgap(-4))+(y_zvpd(16)*d(log(xbo(-1)),0,1)+y_zvpd(17)*d(log(xbo(-2)),0,1)+y_zvpd(18)*d(log(xbo(-3)),0,1)+y_zvpd(19)*d(log(xbo(-4)),0,1))+(y_zvpd(20)*d(log(vpd(-1)),0,1)+y_zvpd(21)*d(log(vpd(-2)),0,1)+y_zvpd(22)*d(log(vpd(-3)),0,1)+y_zvpd(23)*d(log(vpd(-4)),0,1))+y_zvpd(24)*hgvpd(-1)"
"375","zvpi-zvpi_aerr=(y_zvpi(1)*picnia(-1)+y_zvpi(2)*picnia(-2)+y_zvpi(3)*picnia(-3)+y_zvpi(4)*picnia(-4))+(y_zvpi(5)*rffe(-1)+y_zvpi(6)*rffe(-2)+y_zvpi(7)*rffe(-3)+y_zvpi(8)*rffe(-4))+y_zvpi(9)*rtr(-1)+y_zvpi(10)*ptr(-1)+(y_zvpi(11)*xgap(-1)+y_zvpi(12)*xgap(-2)+y_zvpi(13)*xgap(-3)+y_zvpi(14)*xgap(-4))+(y_zvpi(15)*d(log(xbo(-1)),0,1)+y_zvpi(16)*d(log(xbo(-2)),0,1)+y_zvpi(17)*d(log(xbo(-3)),0,1)+y_zvpi(18)*d(log(xbo(-4)),0,1))+(y_zvpi(19)*d(log(vpi(-1)),0,1)+y_zvpi(20)*d(log(vpi(-2)),0,1)+y_zvpi(21)*d(log(vpi(-3)),0,1)+y_zvpi(22)*d(log(vpi(-4)),0,1))+y_zvpi(23)*hgvpi(-1)"
"376","zvps-zvps_aerr=(y_zvps(1)*picnia(-1)+y_zvps(2)*picnia(-2)+y_zvps(3)*picnia(-3)+y_zvps(4)*picnia(-4))+(y_zvps(5)*rffe(-1)+y_zvps(6)*rffe(-2)+y_zvps(7)*rffe(-3)+y_zvps(8)*rffe(-4))+y_zvps(9)*rtr(-1)+y_zvps(10)*ptr(-1)+(y_zvps(11)*xgap(-1)+y_zvps(12)*xgap(-2)+y_zvps(13)*xgap(-3)+y_zvps(14)*xgap(-4))+(y_zvps(15)*d(log(xbo(-1)),0,1)+y_zvps(16)*d(log(xbo(-2)),0,1)+y_zvps(17)*d(log(xbo(-3)),0,1)+y_zvps(18)*d(log(xbo(-4)),0,1))+(y_zvps(19)*d(log(vps(-1)),0,1)+y_zvps(20)*d(log(vps(-2)),0,1)+y_zvps(21)*d(log(vps(-3)),0,1)+y_zvps(22)*d(log(vps(-4)),0,1))+y_zvps(23)*hgvps(-1)"
"377","zxbd-zxbd_aerr=y_zxbd(1)+(y_zxbd(2)*picnia(-1)+y_zxbd(3)*picnia(-2)+y_zxbd(4)*picnia(-3)+y_zxbd(5)*picnia(-4))+(y_zxbd(6)*rffe(-1)+y_zxbd(7)*rffe(-2)+y_zxbd(8)*rffe(-3)+y_zxbd(9)*rffe(-4))+y_zxbd(10)*rtr(-1)+y_zxbd(11)*ptr(-1)+(y_zxbd(12)*xgap(-1)+y_zxbd(13)*xgap(-2)+y_zxbd(14)*xgap(-3)+y_zxbd(15)*xgap(-4))+(y_zxbd(16)*d(log(xbo(-1)),0,1)+y_zxbd(17)*d(log(xbo(-2)),0,1)+y_zxbd(18)*d(log(xbo(-3)),0,1)+y_zxbd(19)*d(log(xbo(-4)),0,1))+(y_zxbd(20)*d(log(vpd(-1)),0,1)+y_zxbd(21)*d(log(vpd(-2)),0,1)+y_zxbd(22)*d(log(vpd(-3)),0,1)+y_zxbd(23)*d(log(vpd(-4)),0,1))+y_zxbd(24)*hgx(-1)/400"
"378","zxbi-zxbi_aerr=(y_zxbi(1)*picnia(-1)+y_zxbi(2)*picnia(-2)+y_zxbi(3)*picnia(-3)+y_zxbi(4)*picnia(-4))+(y_zxbi(5)*rffe(-1)+y_zxbi(6)*rffe(-2)+y_zxbi(7)*rffe(-3)+y_zxbi(8)*rffe(-4))+y_zxbi(9)*rtr(-1)+y_zxbi(10)*ptr(-1)+(y_zxbi(11)*xgap(-1)+y_zxbi(12)*xgap(-2)+y_zxbi(13)*xgap(-3)+y_zxbi(14)*xgap(-4))+(y_zxbi(15)*d(log(xbo(-1)),0,1)+y_zxbi(16)*d(log(xbo(-2)),0,1)+y_zxbi(17)*d(log(xbo(-3)),0,1)+y_zxbi(18)*d(log(xbo(-4)),0,1))+(y_zxbi(19)*d(log(vpi(-1)),0,1)+y_zxbi(20)*d(log(vpi(-2)),0,1)+y_zxbi(21)*d(log(vpi(-3)),0,1)+y_zxbi(22)*d(log(vpi(-4)),0,1))+y_zxbi(23)*hgx(-1)/400"
"379","zxbs-zxbs_aerr=(y_zxbs(1)*picnia(-1)+y_zxbs(2)*picnia(-2)+y_zxbs(3)*picnia(-3)+y_zxbs(4)*picnia(-4))+(y_zxbs(5)*rffe(-1)+y_zxbs(6)*rffe(-2)+y_zxbs(7)*rffe(-3)+y_zxbs(8)*rffe(-4))+y_zxbs(9)*rtr(-1)+y_zxbs(10)*ptr(-1)+(y_zxbs(11)*xgap(-1)+y_zxbs(12)*xgap(-2)+y_zxbs(13)*xgap(-3)+y_zxbs(14)*xgap(-4))+(y_zxbs(15)*d(log(xbo(-1)),0,1)+y_zxbs(16)*d(log(xbo(-2)),0,1)+y_zxbs(17)*d(log(xbo(-3)),0,1)+y_zxbs(18)*d(log(xbo(-4)),0,1))+(y_zxbs(19)*d(log(vps(-1)),0,1)+y_zxbs(20)*d(log(vps(-2)),0,1)+y_zxbs(21)*d(log(vps(-3)),0,1)+y_zxbs(22)*d(log(vps(-4)),0,1))+y_zxbs(23)*hgx(-1)/400"
"380","log(zyh)-zyh_aerr=(y_zyh(1)*picnia+y_zyh(2)*picnia(-1)+y_zyh(3)*picnia(-2)+y_zyh(4)*picnia(-3))+(y_zyh(5)*rffe+y_zyh(6)*rffe(-1)+y_zyh(7)*rffe(-2)+y_zyh(8)*rffe(-3))+(y_zyh(9)*xgap2+y_zyh(10)*xgap2(-1)+y_zyh(11)*xgap2(-2)+y_zyh(12)*xgap2(-3))+y_zyh(13)*ptr+y_zyh(14)*rtr+(y_zyh(15)*yhgap+y_zyh(16)*yhgap(-1)+y_zyh(17)*yhgap(-2)+y_zyh(18)*yhgap(-3))+log(zyhst*xgdpt)"
"381","log(zyhp)-zyhp_aerr=(y_zyhp(1)*picnia+y_zyhp(2)*picnia(-1)+y_zyhp(3)*picnia(-2)+y_zyhp(4)*picnia(-3))+(y_zyhp(5)*rffe+y_zyhp(6)*rffe(-1)+y_zyhp(7)*rffe(-2)+y_zyhp(8)*rffe(-3))+(y_zyhp(9)*xgap2+y_zyhp(10)*xgap2(-1)+y_zyhp(11)*xgap2(-2)+y_zyhp(12)*xgap2(-3))+y_zyhp(13)*ptr+y_zyhp(14)*rtr+(y_zyhp(15)*yhgap+y_zyhp(16)*yhgap(-1)+y_zyhp(17)*yhgap(-2)+y_zyhp(18)*yhgap(-3))+(y_zyhp(19)*yhpgap+y_zyhp(20)*yhpgap(-1)+y_zyhp(21)*yhpgap(-2)+y_zyhp(22)*yhpgap(-3))+log(zyhpst*zyhst*xgdpt)"
"382","zyhpst-zyhpst_aerr=zyhpst(-1)+y_zyhpst(1)*(yhpshr-zyhpst(-1))"
"383","zyhst-zyhst_aerr=zyhst(-1)+y_zyhst(1)*(yhshr-zyhst(-1))"
"384","log(zyht)-zyht_aerr=(y_zyht(1)*picnia+y_zyht(2)*picnia(-1)+y_zyht(3)*picnia(-2)+y_zyht(4)*picnia(-3))+(y_zyht(5)*rffe+y_zyht(6)*rffe(-1)+y_zyht(7)*rffe(-2)+y_zyht(8)*rffe(-3))+(y_zyht(9)*xgap2+y_zyht(10)*xgap2(-1)+y_zyht(11)*xgap2(-2)+y_zyht(12)*xgap2(-3))+y_zyht(13)*ptr+y_zyht(14)*rtr+(y_zyht(15)*yhgap+y_zyht(16)*yhgap(-1)+y_zyht(17)*yhgap(-2)+y_zyht(18)*yhgap(-3))+(y_zyht(19)*yhtgap+y_zyht(20)*yhtgap(-1)+y_zyht(21)*yhtgap(-2)+y_zyht(22)*yhtgap(-3))+log(zyhtst*zyhst*xgdpt)"
"385","zyhtst-zyhtst_aerr=zyhtst(-1)+y_zyhtst(1)*(yhtshr-zyhtst(-1))"
"386","zynid-zynid_aerr=y_zynid(1)+(y_zynid(2)*picnia(-1)+y_zynid(3)*picnia(-2)+y_zynid(4)*picnia(-3)+y_zynid(5)*picnia(-4))+(y_zynid(6)*rffe(-1)+y_zynid(7)*rffe(-2)+y_zynid(8)*rffe(-3)+y_zynid(9)*rffe(-4))+y_zynid(10)*rtr(-1)+y_zynid(11)*ptr(-1)+(y_zynid(12)*xgap(-1)+y_zynid(13)*xgap(-2)+y_zynid(14)*xgap(-3)+y_zynid(15)*xgap(-4))+(y_zynid(16)*d(log(qynidn(-1)/pxb(-1)),0,1)+y_zynid(17)*d(log(qynidn(-2)/pxb(-2)),0,1)+y_zynid(18)*d(log(qynidn(-3)/pxb(-3)),0,1)+y_zynid(19)*d(log(qynidn(-4)/pxb(-4)),0,1))+y_zynid(20)*(hggdpt(-1)/400)"
